{
  "project_info": {
    "project_number": "84117912324",
    "project_id": "bocchilaroca-8f9f0",
    "storage_bucket": "bocchilaroca-8f9f0.appspot.com"
  },
  "client": [
    {
      "client_info": {
        "mobilesdk_app_id": "1:84117912324:android:b84c331c70a0d795eaee51",
        "android_client_info": {
          "package_name": "com.example.es03"
        }
      },
      "oauth_client": [
        {
          "client_id": "84117912324-tacc355aiheshqi97ql6ci27anlsqea8.apps.googleusercontent.com",
          "client_type": 3
        }
      ],
      "api_key": [
        {
          "current_key": "AIzaSyDwWDXMsaD-4zmkmvgmLYgh7cgHa_Knsac"
        }
      ],
      "services": {
        "appinvite_service": {
          "other_platform_oauth_client": [
            {
              "client_id": "84117912324-tacc355aiheshqi97ql6ci27anlsqea8.apps.googleusercontent.com",
              "client_type": 3
            }
          ]
        }
      }
    }
  ],
  "configuration_version": "1"
}